id,review_id,url
1,17,http://lorempixel.com/400/400/people
2,20,http://lorempixel.com/400/400/people
3,16,http://lorempixel.com/400/400/people
4,16,http://lorempixel.com/400/400/people
5,11,http://lorempixel.com/400/400/people
6,7,http://lorempixel.com/400/400/people
7,11,http://lorempixel.com/400/400/people
8,7,http://lorempixel.com/400/400/people
9,18,http://lorempixel.com/400/400/people
10,15,http://lorempixel.com/400/400/people
11,3,http://lorempixel.com/400/400/people
12,6,http://lorempixel.com/400/400/people
13,14,http://lorempixel.com/400/400/people
14,8,http://lorempixel.com/400/400/people
15,2,http://lorempixel.com/400/400/people
16,16,http://lorempixel.com/400/400/people
17,18,http://lorempixel.com/400/400/people
18,5,http://lorempixel.com/400/400/people
19,11,http://lorempixel.com/400/400/people
20,19,http://lorempixel.com/400/400/people
21,5,http://lorempixel.com/400/400/people
22,2,http://lorempixel.com/400/400/people
23,5,http://lorempixel.com/400/400/people
24,9,http://lorempixel.com/400/400/people
25,1,http://lorempixel.com/400/400/people
26,12,http://lorempixel.com/400/400/people
27,4,http://lorempixel.com/400/400/people
28,3,http://lorempixel.com/400/400/people
29,9,http://lorempixel.com/400/400/people
30,16,http://lorempixel.com/400/400/people
31,9,http://lorempixel.com/400/400/people
32,16,http://lorempixel.com/400/400/people
33,9,http://lorempixel.com/400/400/people
34,5,http://lorempixel.com/400/400/people
35,17,http://lorempixel.com/400/400/people
36,9,http://lorempixel.com/400/400/people
37,3,http://lorempixel.com/400/400/people
38,1,http://lorempixel.com/400/400/people
39,10,http://lorempixel.com/400/400/people
40,3,http://lorempixel.com/400/400/people
41,3,http://lorempixel.com/400/400/people
42,19,http://lorempixel.com/400/400/people
43,5,http://lorempixel.com/400/400/people
44,9,http://lorempixel.com/400/400/people
45,19,http://lorempixel.com/400/400/people
46,19,http://lorempixel.com/400/400/people
47,5,http://lorempixel.com/400/400/people
48,15,http://lorempixel.com/400/400/people
49,15,http://lorempixel.com/400/400/people
50,9,http://lorempixel.com/400/400/people
51,9,http://lorempixel.com/400/400/people
52,14,http://lorempixel.com/400/400/people
53,13,http://lorempixel.com/400/400/people
54,18,http://lorempixel.com/400/400/people
55,11,http://lorempixel.com/400/400/people
56,6,http://lorempixel.com/400/400/people
57,16,http://lorempixel.com/400/400/people
58,16,http://lorempixel.com/400/400/people
59,6,http://lorempixel.com/400/400/people
60,19,http://lorempixel.com/400/400/people
61,12,http://lorempixel.com/400/400/people
62,17,http://lorempixel.com/400/400/people
63,9,http://lorempixel.com/400/400/people
64,2,http://lorempixel.com/400/400/people
65,4,http://lorempixel.com/400/400/people
66,18,http://lorempixel.com/400/400/people
67,11,http://lorempixel.com/400/400/people
68,1,http://lorempixel.com/400/400/people
69,2,http://lorempixel.com/400/400/people
70,6,http://lorempixel.com/400/400/people
71,9,http://lorempixel.com/400/400/people
72,14,http://lorempixel.com/400/400/people
73,14,http://lorempixel.com/400/400/people
74,12,http://lorempixel.com/400/400/people
75,9,http://lorempixel.com/400/400/people
76,13,http://lorempixel.com/400/400/people
77,14,http://lorempixel.com/400/400/people
78,3,http://lorempixel.com/400/400/people
79,14,http://lorempixel.com/400/400/people
80,17,http://lorempixel.com/400/400/people
81,20,http://lorempixel.com/400/400/people
82,5,http://lorempixel.com/400/400/people
83,5,http://lorempixel.com/400/400/people
84,8,http://lorempixel.com/400/400/people
85,2,http://lorempixel.com/400/400/people
86,15,http://lorempixel.com/400/400/people
87,5,http://lorempixel.com/400/400/people
88,14,http://lorempixel.com/400/400/people
89,18,http://lorempixel.com/400/400/people
90,19,http://lorempixel.com/400/400/people
91,4,http://lorempixel.com/400/400/people
92,10,http://lorempixel.com/400/400/people
93,8,http://lorempixel.com/400/400/people
94,8,http://lorempixel.com/400/400/people
95,0,http://lorempixel.com/400/400/people
96,11,http://lorempixel.com/400/400/people
97,6,http://lorempixel.com/400/400/people
98,4,http://lorempixel.com/400/400/people
99,10,http://lorempixel.com/400/400/people
0,4,http://lorempixel.com/400/400/people
1,5,http://lorempixel.com/400/400/people
2,17,http://lorempixel.com/400/400/people
3,19,http://lorempixel.com/400/400/people
4,18,http://lorempixel.com/400/400/people
5,15,http://lorempixel.com/400/400/people
6,4,http://lorempixel.com/400/400/people
7,10,http://lorempixel.com/400/400/people
8,6,http://lorempixel.com/400/400/people
9,19,http://lorempixel.com/400/400/people
10,12,http://lorempixel.com/400/400/people
11,2,http://lorempixel.com/400/400/people
12,20,http://lorempixel.com/400/400/people
13,17,http://lorempixel.com/400/400/people
14,19,http://lorempixel.com/400/400/people
15,12,http://lorempixel.com/400/400/people
16,11,http://lorempixel.com/400/400/people
17,17,http://lorempixel.com/400/400/people
18,10,http://lorempixel.com/400/400/people
19,17,http://lorempixel.com/400/400/people
20,9,http://lorempixel.com/400/400/people
21,17,http://lorempixel.com/400/400/people
22,1,http://lorempixel.com/400/400/people
23,18,http://lorempixel.com/400/400/people
24,18,http://lorempixel.com/400/400/people
25,7,http://lorempixel.com/400/400/people
26,12,http://lorempixel.com/400/400/people
27,11,http://lorempixel.com/400/400/people
28,0,http://lorempixel.com/400/400/people
29,17,http://lorempixel.com/400/400/people
30,5,http://lorempixel.com/400/400/people
31,19,http://lorempixel.com/400/400/people
32,10,http://lorempixel.com/400/400/people
33,14,http://lorempixel.com/400/400/people
34,15,http://lorempixel.com/400/400/people
35,14,http://lorempixel.com/400/400/people
36,6,http://lorempixel.com/400/400/people
37,15,http://lorempixel.com/400/400/people
38,9,http://lorempixel.com/400/400/people
39,17,http://lorempixel.com/400/400/people
40,8,http://lorempixel.com/400/400/people
41,6,http://lorempixel.com/400/400/people
42,16,http://lorempixel.com/400/400/people
43,1,http://lorempixel.com/400/400/people
44,9,http://lorempixel.com/400/400/people
45,12,http://lorempixel.com/400/400/people
46,17,http://lorempixel.com/400/400/people
47,19,http://lorempixel.com/400/400/people
48,7,http://lorempixel.com/400/400/people
49,9,http://lorempixel.com/400/400/people
50,18,http://lorempixel.com/400/400/people
51,15,http://lorempixel.com/400/400/people
52,0,http://lorempixel.com/400/400/people
53,18,http://lorempixel.com/400/400/people
54,19,http://lorempixel.com/400/400/people
55,19,http://lorempixel.com/400/400/people
56,1,http://lorempixel.com/400/400/people
57,3,http://lorempixel.com/400/400/people
58,14,http://lorempixel.com/400/400/people
59,2,http://lorempixel.com/400/400/people
60,2,http://lorempixel.com/400/400/people
61,20,http://lorempixel.com/400/400/people
62,17,http://lorempixel.com/400/400/people
63,13,http://lorempixel.com/400/400/people
64,15,http://lorempixel.com/400/400/people
65,7,http://lorempixel.com/400/400/people
66,1,http://lorempixel.com/400/400/people
67,10,http://lorempixel.com/400/400/people
68,19,http://lorempixel.com/400/400/people
69,16,http://lorempixel.com/400/400/people
70,18,http://lorempixel.com/400/400/people
71,14,http://lorempixel.com/400/400/people
72,6,http://lorempixel.com/400/400/people
73,7,http://lorempixel.com/400/400/people
74,16,http://lorempixel.com/400/400/people
75,9,http://lorempixel.com/400/400/people
76,3,http://lorempixel.com/400/400/people
77,12,http://lorempixel.com/400/400/people
78,4,http://lorempixel.com/400/400/people
79,3,http://lorempixel.com/400/400/people
80,3,http://lorempixel.com/400/400/people
81,16,http://lorempixel.com/400/400/people
82,11,http://lorempixel.com/400/400/people
83,13,http://lorempixel.com/400/400/people
84,7,http://lorempixel.com/400/400/people
85,18,http://lorempixel.com/400/400/people
86,4,http://lorempixel.com/400/400/people
87,4,http://lorempixel.com/400/400/people
88,15,http://lorempixel.com/400/400/people
89,9,http://lorempixel.com/400/400/people
90,9,http://lorempixel.com/400/400/people
91,13,http://lorempixel.com/400/400/people
92,17,http://lorempixel.com/400/400/people
93,1,http://lorempixel.com/400/400/people
94,6,http://lorempixel.com/400/400/people
95,19,http://lorempixel.com/400/400/people
96,18,http://lorempixel.com/400/400/people
97,4,http://lorempixel.com/400/400/people
98,4,http://lorempixel.com/400/400/people
99,7,http://lorempixel.com/400/400/people
